City,Wiki_String,img_url
Birmingham ,"Birmingham,_Alabama",//upload.wikimedia.org/wikipedia/commons/thumb/7/75/Birmingham_AL_Montage.jpg/280px-Birmingham_AL_Montage.jpg
Huntsville ,"Huntsville,_Alabama",//upload.wikimedia.org/wikipedia/commons/thumb/4/4c/Downtown_Huntsville%2C_Alabama_cropped.jpg/280px-Downtown_Huntsville%2C_Alabama_cropped.jpg
Montgomery ,"Montgomery,_Alabama",//upload.wikimedia.org/wikipedia/commons/thumb/7/79/View_of_the_Capitol%2C_Montgomery%2C_Alabama.jpg/220px-View_of_the_Capitol%2C_Montgomery%2C_Alabama.jpg
Mobile ,"Mobile,_Alabama",//upload.wikimedia.org/wikipedia/commons/thumb/5/5d/Mobile_Montage-2.jpg/300px-Mobile_Montage-2.jpg
Tuscaloosa ,"Tuscaloosa,_Alabama",//upload.wikimedia.org/wikipedia/commons/thumb/9/92/Moundville_Archaeological_Site_Alabama.jpg/220px-Moundville_Archaeological_Site_Alabama.jpg
Anchorage ,"Anchorage,_Alaska",//upload.wikimedia.org/wikipedia/commons/thumb/4/4a/Anchorage_on_an_April_evening.jpg/260px-Anchorage_on_an_April_evening.jpg
Phoenix ,"Phoenix,_Arizona",//upload.wikimedia.org/wikipedia/commons/thumb/7/7c/PhoenixMontage02.jpg/250px-PhoenixMontage02.jpg
Tucson ,"Tucson,_Arizona",//upload.wikimedia.org/wikipedia/commons/thumb/8/81/Tucson_Stone_Ave_year_1880.jpg/220px-Tucson_Stone_Ave_year_1880.jpg
Mesa ,"Mesa,_Arizona",//upload.wikimedia.org/wikipedia/commons/thumb/d/d9/Mesa_Template_at_night.jpg/220px-Mesa_Template_at_night.jpg
Scottsdale ,"Scottsdale,_Arizona",//upload.wikimedia.org/wikipedia/commons/thumb/f/f6/Scottsdale_waterfront.jpg/270px-Scottsdale_waterfront.jpg
Flagstaff,"Flagstaff,_Arizona",//upload.wikimedia.org/wikipedia/commons/thumb/0/0a/Panorama_of_Flagstaff_%28cropped%29.jpg/250px-Panorama_of_Flagstaff_%28cropped%29.jpg
Sedona,"Sedona,_Arizona",//upload.wikimedia.org/wikipedia/commons/thumb/6/66/Sedona_Arizona-27527-2.jpg/285px-Sedona_Arizona-27527-2.jpg
Little Rock ,"Little_Rock,_Arkansas",//upload.wikimedia.org/wikipedia/commons/thumb/c/c3/Littlerockarkansas_arkansasriverpano.jpg/900px-Littlerockarkansas_arkansasriverpano.jpg
Los Angeles ,Los_Angeles ,//upload.wikimedia.org/wikipedia/commons/thumb/6/69/Los_Angeles_with_Mount_Baldy.jpg/270px-Los_Angeles_with_Mount_Baldy.jpg
San Diego ,San_Diego,//upload.wikimedia.org/wikipedia/commons/thumb/2/2e/San_Diego_skyline_18.jpg/280px-San_Diego_skyline_18.jpg
San Jose ,"San_Jose,_California",//upload.wikimedia.org/wikipedia/commons/thumb/8/85/SJ_skyline_at_night_horizontal.jpg/300px-SJ_skyline_at_night_horizontal.jpg
San Francisco ,San_Francisco,//upload.wikimedia.org/wikipedia/commons/thumb/1/1e/San_Francisco_from_the_Marin_Headlands_in_March_2019.jpg/300px-San_Francisco_from_the_Marin_Headlands_in_March_2019.jpg
Fresno ,"Fresno,_California",//upload.wikimedia.org/wikipedia/commons/thumb/e/ea/Chukchansi.jpg/278px-Chukchansi.jpg
Sacramento ,"Sacramento,_California",//upload.wikimedia.org/wikipedia/commons/thumb/4/40/Sacramento_Skyline_%28cropped%29.jpg/266px-Sacramento_Skyline_%28cropped%29.jpg
Long Beach ,"Long_Beach,_California",//upload.wikimedia.org/wikipedia/commons/thumb/7/79/Birds_eye_of_longbeach_shot_by_Supermillion_VIsuals.jpg/220px-Birds_eye_of_longbeach_shot_by_Supermillion_VIsuals.jpg
Oakland ,"Oakland,_California",//upload.wikimedia.org/wikipedia/commons/thumb/0/0c/1857_U.S._Coast_Survey_Map_of_San_Antonio_Creek_and_Oakland%2C_California_%28near_San_Francisco%29_-_Geographicus_-_SanAntonioCreek-uscs-1857.jpg/220px-1857_U.S._Coast_Survey_Map_of_San_Antonio_Creek_and_Oakland%2C_California_%28near_San_Francisco%29_-_Geographicus_-_SanAntonioCreek-uscs-1857.jpg
South Lake Tahoe,"South_Lake_Tahoe,_California",//upload.wikimedia.org/wikipedia/commons/thumb/3/30/SkiRunSouthShore.jpg/800px-SkiRunSouthShore.jpg
Palm Springs,"Palm_Springs,_California",//upload.wikimedia.org/wikipedia/commons/thumb/6/61/Hotel_La_Fonda%2C_Palm_Springs%2C_California_postcard_%281950s%29.jpg/220px-Hotel_La_Fonda%2C_Palm_Springs%2C_California_postcard_%281950s%29.jpg
Napa,"Napa,_California",//upload.wikimedia.org/wikipedia/commons/thumb/6/6a/Napa_County_Administration_Building.jpg/220px-Napa_County_Administration_Building.jpg
Malibu,"Malibu,_California",//upload.wikimedia.org/wikipedia/commons/thumb/4/4f/MalibuAir.jpg/250px-MalibuAir.jpg
Santa Monica,"Santa_Monica,_California",//upload.wikimedia.org/wikipedia/commons/thumb/5/5b/Ocean_Avenue.jpg/250px-Ocean_Avenue.jpg
Laguna Beach,"Laguna_Beach,_California",//upload.wikimedia.org/wikipedia/commons/thumb/1/19/Laguna_Beach_photo_montage.jpg/250px-Laguna_Beach_photo_montage.jpg
Santa Cruz,"Santa_Cruz,_California",//upload.wikimedia.org/wikipedia/commons/thumb/1/11/Downtown_santa_cruz%2C_cropped_%28cropped%29.jpg/285px-Downtown_santa_cruz%2C_cropped_%28cropped%29.jpg
Santa Barbara,"Santa_Barbara,_California",//upload.wikimedia.org/wikipedia/commons/thumb/e/e7/Mission_Santa_Barbara_-_Flickr_-_brewbooks_%28cropped%29.jpg/260px-Mission_Santa_Barbara_-_Flickr_-_brewbooks_%28cropped%29.jpg
Monterey,"Monterey,_California",//upload.wikimedia.org/wikipedia/commons/thumb/0/07/Aerial_view_-_Monterey_CA_%28cropped%29.jpg/275px-Aerial_view_-_Monterey_CA_%28cropped%29.jpg
Huntington Beach,"Huntington_Beach,_California",//upload.wikimedia.org/wikipedia/commons/thumb/a/a0/Huntington_Beach_CA_Aerial_by_Don_Ramey_Logan.jpg/250px-Huntington_Beach_CA_Aerial_by_Don_Ramey_Logan.jpg
Denver ,Denver,//upload.wikimedia.org/wikipedia/commons/thumb/e/e8/Denver_skyline.jpg/266px-Denver_skyline.jpg
Colorado Springs ,"Colorado_Springs,_Colorado",//upload.wikimedia.org/wikipedia/commons/thumb/4/45/CC_COSPRINGS.jpg/300px-CC_COSPRINGS.jpg
Fort Collins ,"Fort_Collins,_Colorado",//upload.wikimedia.org/wikipedia/commons/thumb/0/09/Downtown_Fort_Collins_Colorado.jpg/250px-Downtown_Fort_Collins_Colorado.jpg
Aspen,"Aspen,_Colorado",//upload.wikimedia.org/wikipedia/commons/thumb/7/7c/Downtown_of_Aspen%2C_Colorado.jpg/280px-Downtown_of_Aspen%2C_Colorado.jpg
Vail,"Vail,_Colorado",//upload.wikimedia.org/wikipedia/commons/thumb/5/59/Vail_front_side.jpg/266px-Vail_front_side.jpg
Breckenridge,"Breckenridge,_Colorado",//upload.wikimedia.org/wikipedia/commons/thumb/2/2d/Breckenridge_Main_Street.jpg/300px-Breckenridge_Main_Street.jpg
Bridgeport ,"Bridgeport,_Connecticut",//upload.wikimedia.org/wikipedia/commons/thumb/f/f4/BridgeportCT_DowntownSouthHD_1.jpg/290px-BridgeportCT_DowntownSouthHD_1.jpg
New Haven ,"New_Haven,_Connecticut",//upload.wikimedia.org/wikipedia/commons/thumb/1/16/East_Rock_from_SSS_Hall%2C_October_17%2C_2008.jpg/125px-East_Rock_from_SSS_Hall%2C_October_17%2C_2008.jpg
Stamford ,"Stamford,_Connecticut",//upload.wikimedia.org/wikipedia/commons/thumb/b/bf/Stamford_Connecticut_Skyline_Aug_2017.jpg/280px-Stamford_Connecticut_Skyline_Aug_2017.jpg
Hartford ,"Hartford,_Connecticut",//upload.wikimedia.org/wikipedia/commons/thumb/6/6a/Hartford_Skyline_from_Great_River_Park_%28Cropped%29.jpg/300px-Hartford_Skyline_from_Great_River_Park_%28Cropped%29.jpg
Wilmington ,"Wilmington,_Delaware",//upload.wikimedia.org/wikipedia/commons/thumb/8/8c/Wilmington_Delaware_skyline.jpg/250px-Wilmington_Delaware_skyline.jpg
Washington ,"Washington,_D.C.",//upload.wikimedia.org/wikipedia/commons/thumb/4/49/North_America_laea_relief_location_map.jpg/250px-North_America_laea_relief_location_map.jpg
Jacksonville ,"Jacksonville,_Florida",//upload.wikimedia.org/wikipedia/commons/thumb/e/ed/USA_Florida_relief_location_map.jpg/250px-USA_Florida_relief_location_map.jpg
Miami ,Miami,//upload.wikimedia.org/wikipedia/commons/thumb/a/ad/Miami_collage_20110330.jpg/300px-Miami_collage_20110330.jpg
Tampa ,"Tampa,_Florida",//upload.wikimedia.org/wikipedia/commons/thumb/3/39/Fortbrooke.jpg/220px-Fortbrooke.jpg
Orlando ,"Orlando,_Florida",//upload.wikimedia.org/wikipedia/commons/thumb/8/81/Orlando_collage.jpg/300px-Orlando_collage.jpg
St. Petersburg ,"St._Petersburg,_Florida",//upload.wikimedia.org/wikipedia/commons/thumb/e/e0/Central_Avenue%2C_Looking_West%2C_St._Petersburg%2C_FL.jpg/220px-Central_Avenue%2C_Looking_West%2C_St._Petersburg%2C_FL.jpg
Naples,"Naples,_Florida",//upload.wikimedia.org/wikipedia/commons/thumb/f/f4/I_Naples%2C_FL.jpg/284px-I_Naples%2C_FL.jpg
Fort Meyers,"Fort_Meyers,_Florida",//upload.wikimedia.org/wikipedia/commons/thumb/6/63/Fort_Myers_FL_Downtown_HD_1933_crths_pano01.jpg/250px-Fort_Myers_FL_Downtown_HD_1933_crths_pano01.jpg
Destin,"Destin,_Florida",//upload.wikimedia.org/wikipedia/commons/thumb/7/70/Destinflorida.jpg/250px-Destinflorida.jpg
St. Augustine,"St._Augustine,_Florida",//upload.wikimedia.org/wikipedia/commons/thumb/d/d7/San_Marco_Hotel.jpg/220px-San_Marco_Hotel.jpg
Atlanta ,Atlanta,//upload.wikimedia.org/wikipedia/commons/thumb/a/a5/Metro_atlanta.jpg/250px-Metro_atlanta.jpg
Augusta ,"Augusta,_Georgia",//upload.wikimedia.org/wikipedia/commons/thumb/8/8a/Augusta_Georgia_Broad_Street_Lamar_Building.jpg/266px-Augusta_Georgia_Broad_Street_Lamar_Building.jpg
Savannah ,"Savannah,_Georgia",//upload.wikimedia.org/wikipedia/commons/thumb/e/ec/SavannahRooftopViewNW20140422.jpg/280px-SavannahRooftopViewNW20140422.jpg
Honolulu ,Honolulu,//upload.wikimedia.org/wikipedia/commons/thumb/c/c4/Pacific_Ocean_laea_relief_location_map.jpg/250px-Pacific_Ocean_laea_relief_location_map.jpg
Boise,"Boise,_Idaho",//upload.wikimedia.org/wikipedia/commons/thumb/3/31/Boise_US_Bank_Building.jpg/139px-Boise_US_Bank_Building.jpg
Sun Valley,"Sun_Valley,_Idaho",//upload.wikimedia.org/wikipedia/commons/thumb/d/da/Baldmountainid.jpg/250px-Baldmountainid.jpg
Chicago ,Chicago,//upload.wikimedia.org/wikipedia/commons/thumb/3/38/Chicago_montage1.jpg/300px-Chicago_montage1.jpg
Indianapolis ,Indianapolis,//upload.wikimedia.org/wikipedia/commons/thumb/6/6f/Downtown_Indianapolis.jpg/288px-Downtown_Indianapolis.jpg
Fort Wayne ,"Fort_Wayne,_Indiana",//upload.wikimedia.org/wikipedia/commons/thumb/2/21/Downtown_Fort_Wayne%2C_Indiana_Skyline_from_Old_Fort%2C_May_2014.jpg/266px-Downtown_Fort_Wayne%2C_Indiana_Skyline_from_Old_Fort%2C_May_2014.jpg
Des Moines ,"Des_Moines,_Iowa",//upload.wikimedia.org/wikipedia/commons/thumb/4/46/Des_Moines_Montage.jpg/250px-Des_Moines_Montage.jpg
Cedar Rapids ,"Cedar_Rapids,_Iowa",//upload.wikimedia.org/wikipedia/commons/thumb/a/a2/Cedar_Rapids%2C_Iowa_montage.jpg/250px-Cedar_Rapids%2C_Iowa_montage.jpg
Davenport ,"Davenport,_Iowa",//upload.wikimedia.org/wikipedia/commons/thumb/e/e6/Davenport%2C_Iowa_Montage.jpg/250px-Davenport%2C_Iowa_Montage.jpg
Wichita ,"Wichita,_Kansas",//upload.wikimedia.org/wikipedia/commons/thumb/9/9a/Wichita-ks.jpg/310px-Wichita-ks.jpg
Overland Park ,"Overland_Park,_Kansas",//upload.wikimedia.org/wikipedia/commons/thumb/4/4c/Sprint-hq2.jpg/220px-Sprint-hq2.jpg
Kansas City ,"Kansas_City,_Kansas",//upload.wikimedia.org/wikipedia/commons/thumb/7/71/Municipal_Office_Building%2C_Kansas_City%2C_Kansas_%2844651665835%29.jpg/220px-Municipal_Office_Building%2C_Kansas_City%2C_Kansas_%2844651665835%29.jpg
Louisville ,"Louisville,_Kentucky",//upload.wikimedia.org/wikipedia/commons/thumb/7/74/Louisville_montage.jpg/250px-Louisville_montage.jpg
Lexington ,"Lexington,_Kentucky",//upload.wikimedia.org/wikipedia/commons/thumb/5/52/Lexington_montage.jpg/280px-Lexington_montage.jpg
New Orleans ,New_Orleans,//upload.wikimedia.org/wikipedia/commons/thumb/9/94/New_Orleans_Skyline.jpg/370px-New_Orleans_Skyline.jpg
Baton Rouge ,"Baton_Rouge,_Louisiana",//upload.wikimedia.org/wikipedia/commons/thumb/7/70/Pierre_Le_Moyne_Iberville.jpg/154px-Pierre_Le_Moyne_Iberville.jpg
Portland ,"Portland,_Maine",//upload.wikimedia.org/wikipedia/commons/thumb/c/c2/Portland%2C_Maine_Montage.jpg/300px-Portland%2C_Maine_Montage.jpg
Baltimore ,Baltimore,//upload.wikimedia.org/wikipedia/commons/thumb/e/e4/Ft._Henry_bombardement_1814.jpg/170px-Ft._Henry_bombardement_1814.jpg
Boston ,Boston,//upload.wikimedia.org/wikipedia/commons/thumb/d/d7/Boston_-_panoramio_%2823%29.jpg/280px-Boston_-_panoramio_%2823%29.jpg
Plymouth,"Plymouth,_Massachusetts",//upload.wikimedia.org/wikipedia/commons/thumb/8/84/Flag_of_Plymouth%2C_Massachusetts.jpg/100px-Flag_of_Plymouth%2C_Massachusetts.jpg
Detroit ,Detroit,//upload.wikimedia.org/wikipedia/commons/thumb/5/5a/Detroit_montage_2020.jpg/300px-Detroit_montage_2020.jpg
Grand Rapids ,"Grand_Rapids,_Michigan",//upload.wikimedia.org/wikipedia/commons/thumb/f/fc/Grand_Rapids_montage.jpg/290px-Grand_Rapids_montage.jpg
Ann Arbor ,"Ann_Arbor,_Michigan",//upload.wikimedia.org/wikipedia/commons/thumb/1/1e/Ann_Arbor_sunset_2018.jpg/275px-Ann_Arbor_sunset_2018.jpg
Minneapolis ,Minneapolis,//upload.wikimedia.org/wikipedia/commons/thumb/5/57/MinneapolisCollage.jpg/280px-MinneapolisCollage.jpg
St. Paul ,"Saint_Paul,_Minnesota",//upload.wikimedia.org/wikipedia/commons/thumb/5/59/Saint_Paul_skyline%2C_West_Side_%28cropped%29.jpg/280px-Saint_Paul_skyline%2C_West_Side_%28cropped%29.jpg
Jackson ,"Jackson,_Mississippi",//upload.wikimedia.org/wikipedia/commons/thumb/6/64/Andrew_Jackson.jpg/220px-Andrew_Jackson.jpg
Kansas City ,"Kansas_City,_Missouri",//upload.wikimedia.org/wikipedia/commons/thumb/0/06/Kansas_City_Collage_2016.jpg/250px-Kansas_City_Collage_2016.jpg
St. Louis ,St._Louis,//upload.wikimedia.org/wikipedia/commons/thumb/9/98/Gateway_Arch%2C_St._Louis%2C_Missouri%2C_U.S.A.jpg/300px-Gateway_Arch%2C_St._Louis%2C_Missouri%2C_U.S.A.jpg
Branson,"Branson,_Missouri",//upload.wikimedia.org/wikipedia/commons/thumb/e/e2/UserKTrimble_AP_Branson_Mo_NW_Oct_2009.jpg/250px-UserKTrimble_AP_Branson_Mo_NW_Oct_2009.jpg
Billings ,"Billings,_Montana",//upload.wikimedia.org/wikipedia/commons/thumb/f/f3/Billings%2C_Montana_Collage_4.jpg/250px-Billings%2C_Montana_Collage_4.jpg
Omaha ,"Omaha,_Nebraska",//upload.wikimedia.org/wikipedia/commons/thumb/4/4e/Heartland_of_America_Park%2C_Omaha%2C_Nebraska.jpg/250px-Heartland_of_America_Park%2C_Omaha%2C_Nebraska.jpg
Lincoln ,"Lincoln,_Nebraska",//upload.wikimedia.org/wikipedia/commons/thumb/c/c0/Skyline_of_Downtown_Lincoln%2C_Nebraska%2C_U.S._%282015%29.jpg/250px-Skyline_of_Downtown_Lincoln%2C_Nebraska%2C_U.S._%282015%29.jpg
Las Vegas ,Las_Vegas,//upload.wikimedia.org/wikipedia/commons/thumb/9/92/DowntownLasVegas.jpg/266px-DowntownLasVegas.jpg
Reno ,"Reno,_Nevada",//upload.wikimedia.org/wikipedia/en/thumb/d/d9/City_of_Reno_logo.jpg/100px-City_of_Reno_logo.jpg
Manchester ,"Manchester,_New_Hampshire",//upload.wikimedia.org/wikipedia/commons/thumb/a/ab/Manchester%2C_New_Hampshire_Montage.jpg/300px-Manchester%2C_New_Hampshire_Montage.jpg
Newark ,"Newark,_New_Jersey",//upload.wikimedia.org/wikipedia/commons/thumb/1/10/Newark_October_2016_panorama.jpg/278px-Newark_October_2016_panorama.jpg
Atlantic City,"Atlantic_City,_New_Jersey",//upload.wikimedia.org/wikipedia/commons/thumb/f/f5/Atlantic_City_skyline_from_47th_floor_of_Revel.jpg/250px-Atlantic_City_skyline_from_47th_floor_of_Revel.jpg
Albuquerque ,"Albuquerque,_New_Mexico",//upload.wikimedia.org/wikipedia/commons/thumb/0/02/Albuquerque_%281880%29.jpg/220px-Albuquerque_%281880%29.jpg
Santa Fe ,"Santa_Fe,_New_Mexico",//upload.wikimedia.org/wikipedia/commons/thumb/1/1d/Santa_fe_depot_railrunner.jpg/134px-Santa_fe_depot_railrunner.jpg
New York City,New_York_City,//upload.wikimedia.org/wikipedia/commons/thumb/f/f7/Lower_Manhattan_skyline_-_June_2017.jpg/278px-Lower_Manhattan_skyline_-_June_2017.jpg
Buffalo ,"Buffalo,_New_York",//upload.wikimedia.org/wikipedia/commons/thumb/0/05/BuffaloDowntownCrop.jpg/278px-BuffaloDowntownCrop.jpg
Rochester ,"Rochester,_New_York",//upload.wikimedia.org/wikipedia/commons/thumb/f/f0/RochesterCollage4.jpg/300px-RochesterCollage4.jpg
Niagara Falls ,"Niagara_Falls,_New_York",//upload.wikimedia.org/wikipedia/commons/thumb/b/be/Niagara_Falls%2C_New_York_from_Skylon_Tower.jpg/250px-Niagara_Falls%2C_New_York_from_Skylon_Tower.jpg
Charlotte ,"Charlotte,_North_Carolina",//upload.wikimedia.org/wikipedia/commons/thumb/6/6a/USA_North_Carolina_relief_location_map.jpg/250px-USA_North_Carolina_relief_location_map.jpg
Raleigh ,"Raleigh,_North_Carolina",//upload.wikimedia.org/wikipedia/commons/thumb/9/9d/Raleigh_photo_collage.jpg/250px-Raleigh_photo_collage.jpg
Greensboro ,"Greensboro,_North_Carolina",//upload.wikimedia.org/wikipedia/commons/thumb/a/ae/Greensboro-collage-1.jpg/250px-Greensboro-collage-1.jpg
Durham ,"Durham,_North_Carolina",//upload.wikimedia.org/wikipedia/commons/thumb/c/c5/Durham-montage-05-08.jpg/250px-Durham-montage-05-08.jpg
Winston-Salem ,"Winston-Salem,_North_Carolina",//upload.wikimedia.org/wikipedia/commons/thumb/0/04/Winston-Salem_skyline.jpg/300px-Winston-Salem_skyline.jpg
Asheville,"Asheville,_North_Carolina",//upload.wikimedia.org/wikipedia/commons/thumb/0/0e/Asheville_at_dusk.jpg/260px-Asheville_at_dusk.jpg
Fargo ,"Fargo,_North_Dakota",//upload.wikimedia.org/wikipedia/commons/thumb/2/20/Fargo%2C_ND_-_Aerial_Facing_East_%2843610135662%29.jpg/250px-Fargo%2C_ND_-_Aerial_Facing_East_%2843610135662%29.jpg
Columbus ,"Columbus,_Ohio",//upload.wikimedia.org/wikipedia/commons/thumb/e/eb/Columbus_Pano_2.jpg/270px-Columbus_Pano_2.jpg
Cleveland ,Cleveland,//upload.wikimedia.org/wikipedia/commons/thumb/4/48/Cleveland_photomontage_2016.jpg/295px-Cleveland_photomontage_2016.jpg
Cincinnati ,Cincinnati,//upload.wikimedia.org/wikipedia/commons/thumb/b/b2/Cincinnati_Photomontage_V1.jpg/280px-Cincinnati_Photomontage_V1.jpg
Oklahoma City ,Oklahoma_City,//upload.wikimedia.org/wikipedia/commons/thumb/0/03/Oklahoma1885.jpg/220px-Oklahoma1885.jpg
Tulsa ,"Tulsa,_Oklahoma",//upload.wikimedia.org/wikipedia/commons/thumb/4/4a/Tulsa_skyline_picture.jpg/250px-Tulsa_skyline_picture.jpg
Portland ,"Portland,_Oregon",//upload.wikimedia.org/wikipedia/commons/thumb/8/88/Portland_and_Mt._Hood_from_Pittock_Mansion.jpg/280px-Portland_and_Mt._Hood_from_Pittock_Mansion.jpg
Salem ,"Salem,_Oregon",//upload.wikimedia.org/wikipedia/commons/thumb/4/47/Salem_Oregon_aerial.jpg/250px-Salem_Oregon_aerial.jpg
Eugene ,"Eugene,_Oregon",//upload.wikimedia.org/wikipedia/en/thumb/7/7d/Official_Seal_Eugene%2C_OR.jpg/100px-Official_Seal_Eugene%2C_OR.jpg
Philadelphia ,Philadelphia,//upload.wikimedia.org/wikipedia/commons/thumb/7/72/Philadelphia_skyline_from_South_Street_Bridge_January_2020_%28rotate_2_degrees_perspective_correction_crop_4-1%29.jpg/270px-Philadelphia_skyline_from_South_Street_Bridge_January_2020_%28rotate_2_degrees_perspective_correction_crop_4-1%29.jpg
Pittsburgh ,Pittsburgh,//upload.wikimedia.org/wikipedia/commons/thumb/c/c6/Montage_Pittsburgh.jpg/250px-Montage_Pittsburgh.jpg
Providence ,"Providence,_Rhode_Island",//upload.wikimedia.org/wikipedia/commons/thumb/1/1f/Providence%2C_RI_skyline_.jpg/288px-Providence%2C_RI_skyline_.jpg
Charleston ,"Charleston,_South_Carolina",//upload.wikimedia.org/wikipedia/commons/thumb/3/35/Building_wrecked_by_Hugo.jpg/250px-Building_wrecked_by_Hugo.jpg
Columbia ,"Columbia,_South_Carolina",//upload.wikimedia.org/wikipedia/en/d/da/Cityofcolumbiasc_seal.jpg
Greenville,"Greenville,_South_Carolina",//upload.wikimedia.org/wikipedia/commons/thumb/2/24/FallsPark1844.jpg/220px-FallsPark1844.jpg
Hilton Head Island,"Hilton_Head_Island,_South_Carolina",//upload.wikimedia.org/wikipedia/commons/thumb/a/a4/Harbour_Town_July_2007.jpg/250px-Harbour_Town_July_2007.jpg
Myrtle Beach,"Myrtle_Beach,_South_Carolina",//upload.wikimedia.org/wikipedia/commons/thumb/3/37/Myrtle_Beach_ferris_wheel.jpg/250px-Myrtle_Beach_ferris_wheel.jpg
Sioux Falls ,"Sioux_Falls,_South_Dakota",//upload.wikimedia.org/wikipedia/en/thumb/e/eb/SiouxFalls.jpg/250px-SiouxFalls.jpg
Rapid City ,"Rapid_City,_South_Dakota",//upload.wikimedia.org/wikipedia/commons/thumb/8/85/RC-Downtown-Hills.jpg/250px-RC-Downtown-Hills.jpg
Nashville ,"Nashville,_Tennessee",//upload.wikimedia.org/wikipedia/commons/thumb/4/49/North_America_laea_relief_location_map.jpg/250px-North_America_laea_relief_location_map.jpg
Memphis ,"Memphis,_Tennessee",//upload.wikimedia.org/wikipedia/commons/thumb/4/49/North_America_laea_relief_location_map.jpg/250px-North_America_laea_relief_location_map.jpg
Knoxville ,"Knoxville,_Tennessee",//upload.wikimedia.org/wikipedia/commons/thumb/4/4c/Knoxville_TN_montage.jpg/250px-Knoxville_TN_montage.jpg
Chattanooga ,"Chattanooga,_Tennessee",//upload.wikimedia.org/wikipedia/commons/thumb/6/6e/Market-street-chatt-1907.jpg/210px-Market-street-chatt-1907.jpg
Gatlinburg,"Gatlinburg,_Tennessee",//upload.wikimedia.org/wikipedia/commons/thumb/7/75/Gatlinburg-ogle-cabin1.jpg/220px-Gatlinburg-ogle-cabin1.jpg
Houston ,Houston,//upload.wikimedia.org/wikipedia/commons/thumb/8/8a/Buildings-city-houston-skyline-1870617.jpg/278px-Buildings-city-houston-skyline-1870617.jpg
San Antonio ,San_Antonio,//upload.wikimedia.org/wikipedia/commons/thumb/d/db/SA_Skyline_2020.jpg/280px-SA_Skyline_2020.jpg
Dallas ,Dallas,//upload.wikimedia.org/wikipedia/commons/thumb/d/d3/View_from_Reunion_Tower_August_2015_13.jpg/268px-View_from_Reunion_Tower_August_2015_13.jpg
Austin ,"Austin,_Texas",//upload.wikimedia.org/wikipedia/commons/thumb/d/da/Austin_August_2019_19_%28skyline_and_Lady_Bird_Lake%29.jpg/280px-Austin_August_2019_19_%28skyline_and_Lady_Bird_Lake%29.jpg
Fort Worth ,"Fort_Worth,_Texas",//upload.wikimedia.org/wikipedia/commons/thumb/b/b9/0011Fort_Worth_Stockyards_Exchange_Ave_E_Texas.jpg/141px-0011Fort_Worth_Stockyards_Exchange_Ave_E_Texas.jpg
El Paso ,"El_Paso,_Texas",//upload.wikimedia.org/wikipedia/commons/thumb/5/58/El_Paso_c1880.jpg/220px-El_Paso_c1880.jpg
Amarillo,"Amarillo,_Texas",//upload.wikimedia.org/wikipedia/commons/thumb/4/49/North_America_laea_relief_location_map.jpg/250px-North_America_laea_relief_location_map.jpg
Salt Lake City ,Salt_Lake_City,//upload.wikimedia.org/wikipedia/commons/thumb/4/46/Salt_Lake_City_montage_19_July_2011.jpg/290px-Salt_Lake_City_montage_19_July_2011.jpg
Provo ,"Provo,_Utah",//upload.wikimedia.org/wikipedia/commons/thumb/d/de/Downtown_Provo.jpg/250px-Downtown_Provo.jpg
Park City,"Park_City,_Utah",//upload.wikimedia.org/wikipedia/commons/thumb/1/13/PC_overview.jpg/250px-PC_overview.jpg
Burlington,"Burlington,_Vermont",//upload.wikimedia.org/wikipedia/commons/thumb/3/30/Church_Street_Marketplace_%28Burlington%2C_Vermont%29.jpg/250px-Church_Street_Marketplace_%28Burlington%2C_Vermont%29.jpg
Virginia Beach ,"Virginia_Beach,_Virginia",//upload.wikimedia.org/wikipedia/commons/thumb/8/8c/Virginia_Beach_from_the_pier.jpg/250px-Virginia_Beach_from_the_pier.jpg
Chesapeake ,"Chesapeake,_Virginia",//upload.wikimedia.org/wikipedia/commons/thumb/9/97/Great_Dismal_Swamp_Canal.jpg/250px-Great_Dismal_Swamp_Canal.jpg
Norfolk ,"Norfolk,_Virginia",//upload.wikimedia.org/wikipedia/commons/thumb/9/9c/MontageNorfolkVAUSA.jpg/280px-MontageNorfolkVAUSA.jpg
Richmond ,"Richmond,_Virginia",//upload.wikimedia.org/wikipedia/commons/thumb/c/c0/Collage_of_Landmarks_in_Richmond%2C_Virginia_v_1.jpg/300px-Collage_of_Landmarks_in_Richmond%2C_Virginia_v_1.jpg
Williamsburg,"Williamsburg,_Virginia",//upload.wikimedia.org/wikipedia/commons/thumb/3/3c/Backpalace_Williamsburg_Virginia_crop.jpg/300px-Backpalace_Williamsburg_Virginia_crop.jpg
Seattle ,Seattle,//upload.wikimedia.org/wikipedia/commons/thumb/a/af/Aerial_Lake_Union_June_2012.jpg/139px-Aerial_Lake_Union_June_2012.jpg
Spokane ,"Spokane,_Washington",//upload.wikimedia.org/wikipedia/commons/thumb/7/7d/SpokaneFromPalisades_20070614.jpg/285px-SpokaneFromPalisades_20070614.jpg
Tacoma ,"Tacoma,_Washington",//upload.wikimedia.org/wikipedia/commons/thumb/d/de/Tacoma_skyline_from_McKinley_Way_%282015%29.jpg/250px-Tacoma_skyline_from_McKinley_Way_%282015%29.jpg
Charleston ,"Charleston,_West_Virginia",//upload.wikimedia.org/wikipedia/commons/thumb/e/e5/CharlestonWV.jpg/250px-CharlestonWV.jpg
Milwaukee ,Milwaukee,//upload.wikimedia.org/wikipedia/commons/thumb/b/bf/Milwaukee_Collage_New.jpg/300px-Milwaukee_Collage_New.jpg
Madison ,"Madison,_Wisconsin",//upload.wikimedia.org/wikipedia/commons/thumb/3/31/Madison_Picnic_Point.jpg/300px-Madison_Picnic_Point.jpg
Green Bay ,"Green_Bay,_Wisconsin",//upload.wikimedia.org/wikipedia/commons/thumb/5/55/Gbcollage.jpg/250px-Gbcollage.jpg
Cheyenne ,"Cheyenne,_Wyoming",//upload.wikimedia.org/wikipedia/commons/thumb/2/2a/CheyenneWyoming.jpg/250px-CheyenneWyoming.jpg
Jackson,"Jackson,_Wyoming",//upload.wikimedia.org/wikipedia/commons/thumb/c/c8/Jackson_from_snowking.jpg/250px-Jackson_from_snowking.jpg
