City,Wiki_String
Birmingham ,"Birmingham,_Alabama"
Huntsville ,"Huntsville,_Alabama"
Montgomery ,"Montgomery,_Alabama"
Mobile ,"Mobile,_Alabama"
Tuscaloosa ,"Tuscaloosa,_Alabama"
Anchorage ,"Anchorage,_Alaska"
Phoenix ,"Phoenix,_Arizona"
Tucson ,"Tucson,_Arizona"
Mesa ,"Mesa,_Arizona"
Scottsdale ,"Scottsdale,_Arizona"
Flagstaff,"Flagstaff,_Arizona"
Sedona,"Sedona,_Arizona"
Little Rock ,"Little_Rock,_Arkansas"
Los Angeles ,Los_Angeles 
San Diego ,San_Diego
San Jose ,"San_Jose,_California"
San Francisco ,San_Francisco
Fresno ,"Fresno,_California"
Sacramento ,"Sacramento,_California"
Long Beach ,"Long_Beach,_California"
Oakland ,"Oakland,_California"
South Lake Tahoe,"South_Lake_Tahoe,_California"
Palm Springs,"Palm_Springs,_California"
Napa,"Napa,_California"
Malibu,"Malibu,_California"
Santa Monica,"Santa_Monica,_California"
Laguna Beach,"Laguna_Beach,_California"
Santa Cruz,"Santa_Cruz,_California"
Santa Barbara,"Santa_Barbara,_California"
Monterey,"Monterey,_California"
Huntington Beach,"Huntington_Beach,_California"
Denver ,Denver
Colorado Springs ,"Colorado_Springs,_Colorado"
Fort Collins ,"Fort_Collins,_Colorado"
Aspen,"Aspen,_Colorado"
Vail,"Vail,_Colorado"
Breckenridge,"Breckenridge,_Colorado"
Bridgeport ,"Bridgeport,_Connecticut"
New Haven ,"New_Haven,_Connecticut"
Stamford ,"Stamford,_Connecticut"
Hartford ,"Hartford,_Connecticut"
Wilmington ,"Wilmington,_Delaware"
Washington ,"Washington,_D.C."
Jacksonville ,"Jacksonville,_Florida"
Miami ,Miami
Tampa ,"Tampa,_Florida"
Orlando ,"Orlando,_Florida"
St. Petersburg ,"St._Petersburg,_Florida"
Naples,"Naples,_Florida"
Fort Meyers,"Fort_Meyers,_Florida"
Destin,"Destin,_Florida"
St. Augustine,"St._Augustine,_Florida"
Atlanta ,Atlanta
Augusta ,"Augusta,_Georgia"
Savannah ,"Savannah,_Georgia"
Honolulu ,Honolulu
Boise,"Boise,_Idaho"
Sun Valley,"Sun_Valley,_Idaho"
Chicago ,Chicago
Indianapolis ,Indianapolis
Fort Wayne ,"Fort_Wayne,_Indiana"
Des Moines ,"Des_Moines,_Iowa"
Cedar Rapids ,"Cedar_Rapids,_Iowa"
Davenport ,"Davenport,_Iowa"
Wichita ,"Wichita,_Kansas"
Overland Park ,"Overland_Park,_Kansas"
Kansas City ,"Kansas_City,_Kansas"
Louisville ,"Louisville,_Kentucky"
Lexington ,"Lexington,_Kentucky"
New Orleans ,New_Orleans
Baton Rouge ,"Baton_Rouge,_Louisiana"
Portland ,"Portland,_Maine"
Baltimore ,Baltimore
Boston ,Boston
Plymouth,"Plymouth,_Massachusetts"
Detroit ,Detroit
Grand Rapids ,"Grand_Rapids,_Michigan"
Ann Arbor ,"Ann_Arbor,_Michigan"
Minneapolis ,Minneapolis
St. Paul ,"Saint_Paul,_Minnesota"
Jackson ,"Jackson,_Mississippi"
Kansas City ,"Kansas_City,_Missouri"
St. Louis ,St._Louis
Branson,"Branson,_Missouri"
Billings ,"Billings,_Montana"
Omaha ,"Omaha,_Nebraska"
Lincoln ,"Lincoln,_Nebraska"
Las Vegas ,Las_Vegas
Reno ,"Reno,_Nevada"
Manchester ,"Manchester,_New_Hampshire"
Newark ,"Newark,_New_Jersey"
Atlantic City,"Atlantic_City,_New_Jersey"
Albuquerque ,"Albuquerque,_New_Mexico"
Santa Fe ,"Santa_Fe,_New_Mexico"
New York City,New_York_City
Buffalo ,"Buffalo,_New_York"
Rochester ,"Rochester,_New_York"
Niagara Falls ,"Niagara_Falls,_New_York"
Charlotte ,"Charlotte,_North_Carolina"
Raleigh ,"Raleigh,_North_Carolina"
Greensboro ,"Greensboro,_North_Carolina"
Durham ,"Durham,_North_Carolina"
Winston-Salem ,"Winston-Salem,_North_Carolina"
Asheville,"Asheville,_North_Carolina"
Fargo ,"Fargo,_North_Dakota"
Columbus ,"Columbus,_Ohio"
Cleveland ,Cleveland
Cincinnati ,Cincinnati
Oklahoma City ,Oklahoma_City
Tulsa ,"Tulsa,_Oklahoma"
Portland ,"Portland,_Oregon"
Salem ,"Salem,_Oregon"
Eugene ,"Eugene,_Oregon"
Philadelphia ,Philadelphia
Pittsburgh ,Pittsburgh
Providence ,"Providence,_Rhode_Island"
Charleston ,"Charleston,_South_Carolina"
Columbia ,"Columbia,_South_Carolina"
Greenville,"Greenville,_South_Carolina"
Hilton Head Island,"Hilton_Head_Island,_South_Carolina"
Myrtle Beach,"Myrtle_Beach,_South_Carolina"
Sioux Falls ,"Sioux_Falls,_South_Dakota"
Rapid City ,"Rapid_City,_South_Dakota"
Nashville ,"Nashville,_Tennessee"
Memphis ,"Memphis,_Tennessee"
Knoxville ,"Knoxville,_Tennessee"
Chattanooga ,"Chattanooga,_Tennessee"
Gatlinburg,"Gatlinburg,_Tennessee"
Houston ,Houston
San Antonio ,San_Antonio
Dallas ,Dallas
Austin ,"Austin,_Texas"
Fort Worth ,"Fort_Worth,_Texas"
El Paso ,"El_Paso,_Texas"
Amarillo,"Amarillo,_Texas"
Salt Lake City ,Salt_Lake_City
Provo ,"Provo,_Utah"
Park City,"Park_City,_Utah"
Burlington,"Burlington,_Vermont"
Virginia Beach ,"Virginia_Beach,_Virginia"
Chesapeake ,"Chesapeake,_Virginia"
Norfolk ,"Norfolk,_Virginia"
Richmond ,"Richmond,_Virginia"
Williamsburg,"Williamsburg,_Virginia"
Seattle ,Seattle
Spokane ,"Spokane,_Washington"
Tacoma ,"Tacoma,_Washington"
Charleston ,"Charleston,_West_Virginia"
Milwaukee ,Milwaukee
Madison ,"Madison,_Wisconsin"
Green Bay ,"Green_Bay,_Wisconsin"
Cheyenne ,"Cheyenne,_Wyoming"
Jackson,"Jackson,_Wyoming"
